{
  "primaryObject": {
    "mass": 740,
    "radius": 1.5,
    "length": 5,
    "type": 1, // (0, 1, 2) = (UpperStage, Spacecraft, Debris) respectively.
    "orbitalElements": {
      "a": 6649.0992241037302,
      "e": 0.0016283,
      "i": 1.6866495372130281,
      "Om": 6.269423386027611,
      "om": 3.8494528196381412
    },
    "meanAnomaly": 2.7919866681561376
  },
  "secondaryObject": {
    "mass": 1800,
    "radius": 1,
    "length": 2,
    "type": 0, // (0, 1, 2) = (UpperStage, Spacecraft, Debris) respectively.
    "orbitalElements": {
      "a": 3685.5185855990944, // semiMajor Axis
      "e": 0.9084757423849084, // Eccentricity
      "i": 1.45494312, // Inclination
      "Om": 3.12783073, // Right Ascension of Ascending Node
      "om": 6.03142327 // Argument of Perigee
    },
    "meanAnomaly": 2.24665692
  }
  
}
